{"paths":{"0":["audios/不是我",0],"1":["audios/从后往前的顺序",0],"2":["audios/错误提示",0],"3":["audios/点击音效",0],"4":["audios/粉色",0],"5":["audios/还没到我哦",0],"6":["audios/荷叶",0],"7":["audios/红色",0],"8":["audios/蝴蝶",0],"9":["audios/黄色",0],"10":["audios/角度不对哦",0],"11":["audios/看把你厉害的",0],"12":["audios/蓝色",0],"13":["audios/老鼠",0],"14":["audios/礼花音效",0],"15":["audios/柳条",0],"16":["audios/绿色",0],"17":["audios/砰",0],"18":["audios/葡萄",0],"19":["audios/青椒",0],"20":["audios/青蛙",0],"21":["audios/是我是我",0],"22":["audios/树叶",0],"23":["audios/太阳",0],"24":["audios/兔子",0],"25":["audios/位置不对哦",0],"26":["audios/我没画",0],"27":["audios/我没画小花",0],"28":["audios/香蕉",0],"29":["audios/小旗子飘啊飘",0],"30":["audios/小青虫爬啊爬",0],"31":["audios/烟雾音效",0],"32":["audios/洋葱",0],"33":["audios/一模一样！一模一样！",0],"34":["audios/迎春花",0],"35":["audios/油菜",0],"36":["audios/正确提示",0],"37":["prefab/ui/Item/levelProgress",1],"38":["prefab/ui/Item/titleBoard",1],"39":["prefab/ui/panel/GamePanel",1]},"types":["cc.AudioClip","cc.Prefab"],"uuids":["64PqHIALNEornliBW0m1B8","7cNzAidptKa6pdnUGW9Aqe","b8g9uv2FZBnKdlhGyTLCIy","3aAlXAzEpC45rOUsuSkyBZ","e8MXhbmzFHCKrF5EeGfNHC","5euxGj+uFOyYu72Yn1YMjj","72Psr63mROMKpABic1wUtq","cbM0YweAtF0b5UQxF7eqYA","2cv1bYqXlFPrSXrxlDUchR","edGf62Ho1CGZcBC5S6AyGC","dbbgqP0dFMKpbivHB848Lm","dbVQPVDBFFqbUelNvL8K0l","ffyhai10NAnKqnprLsLqLu","93oM3hD4FODaVeHFyXq+MF","ebAyHMUEtLBIpjczP6PMzh","7chO1alnxCMa7QvgbxDVGW","9ckRTDfXBF0rh8kv5LwjSd","e8rNKRaINFtICr0P4Ai2gD","06y8J7RnFLD6m6MzVSCHNb","62Z90FpK1HDr6ScC4C1bgX","46XvnIcI5Cd4flWUXs1p/V","8fTWwm9/5AYK46lSAzYRb1","8393FnuKtOaaWWw22BORTi","43QS8ELHBCJKFhqt0xeN/W","fewUszfnBOAYGZeOS19Qm0","c25lIA7cBPyZvhOggAsaEL","c50X6QIvRK+70NhfJNNdAr","25tKX5bRZHrJDfcRMoI8qS","5e/VxbOE5G3JSlcdD2YQcc","82L4acmUBGX7z1FUc6+G4s","b8COV3HS9LTJcFHlxIrzh9","1awIrcRZ5LP45elzKcIm5c","61FLkJ00NEpqkyExRBASMK","071h3s62NOdY9vbYDEvO6s","dfOP6J44dPdrB4Mq529UvO","17D/7ueRRKA74UD/dL5KTH","6a0P662cZO7rm1UTTcCLMx","07P9T3TBFNdbKyrQ+qqpoR","0fXsoQE5xNN49CN5F+6BzR","32+FX7rEVKcJkkZSzITPiN","2auoJYJ4pJ2I0/n84Jc4xZ","2aN1fdLhBG8r9XFUq/ZcP2","6e++paR1NK8oF8iaVk75sP","dcyRH9YopHC4VMhKCSCBL3","19mbSJBfxFyoJNxbhWi1F2","32FMiHjO9Ee5eR2wUTMOyk","25xft520NHnrfGq4b1Yz0V","c6kzkZY/JJnZbhzxO9ny+V","ecgKkyzCFPxKawT9o8QgPL","a0vB6V2SJNnqoS5imPGfM7","d1toRyekNLlYRr265Epreu","69Q2gcaPRG9LJj8Lt+S5as","a7dsqX/XpANK7dKYBe/ETb","c56XLAZRNK8acYoPq5JP7n","94YtQ0xRxHQr4XhPIlwpaK","1dLIRWv4NIPpN3Ivuqw2dh","ddcXVd96NFgp672WTyso9f","53MgMPpDBCqqTPSGjKOYpD","41BRkOMPZJBaIyRb/UqyoX","3dMdZ3T5lH2LgGFfs/b6ml","1crTBKa5BFpbNqR1WIKzWi","7bqmI2KApGIZs6TCNVCgBl","b31AHkgfRGTruxx16uxuIM","eePeW2jeBDfIlBiZXuXIhv","36s3er0GNKZLLX/mIxK7Tf","eebjcKIiFFD7Uc6N5sel70","a1bKbfb5RL+7mv27888HhM","cdksVr8XRCXqkU+cr6627J","91plj7rLpNZKjGTFv1tG3c","79p/2GQYtBpooHIWbfpras","d2amczv5RNnIoXd0fSVzZu","73acMRAWBFRam+0dIB9ZqG","d3A7gKkrhP+7vMj4/BcV/W","7dNSrZ+nlIe41kjy+IUDLK","b1N0blw7pPQZVgpIpH9oSE","8474eS/5hKI7SVeO4V2sQz","81LUDj4zZPCpps5uq6HbIN","155d012e1","ecpdLyjvZBwrvm+cedCcQy","81IUWcisVCl5pQ0hqq8L81","7a/QZLET9IDreTiBfRn2PD","d5ul8M6vpKEpuc981aVRYt","47t8O2AQJMm5ti7zYMym9W","53mTqr6ZRHe6F/tSrVS8+a","f6XFXbSlhMB5PMx0TgaVmx","66hPZASdZMlrxisJKtQsea","59de7mSVFN2Yb34YfndkBD","8dX4Xw6vhKNLaX0rc/e5NO","0ck/8wmK1AT6ovAEmqvCb/","53MmGbDrVHioJd4YBLOyBX","1drzhOmIVDiruTzKrBkrLU","6dMPSlMXlLVqk6Mazfde4/","155BNOynZEf7GBGk1OqHpe","50yaIXlLJLfLzXqPgMglQf","71YsABp/ZJ6bJrvbH5JfSa","40g6zWS+pFRbqAwIWJjphd","87wUr7vdNK/4Py599xuF1o","e8MlhWbHdLmbfhebotgcCW","68yTBzQQtBS7jPa4FL5ArE","dfJopqZ95K6KAHwvs5vxDL","c0kdqc5NVARaid8xSnDqnS","47BpGJNehGBZxbSvswKGv+","69qdTnTBZJFqUXLiCF/WV4","2arAmefzhErYv59Fea6L93","36tEGlol9Pt6UIH7sDzned","a1wWaNZ/FMQb7u/nAdVOHL","22M9QDivlD8q+sC9gWukL6","86j5Za/eJLioa9d2xFWYHm","12M0wKFrRHvqIvs0HUBs5p","81FrYlY4lEgL9XDoJ6mfxV","b91JvVsypCYIOt9tiTnmBJ","ce3PU1JH9PCoEJwA4Ez0nb","dbZerQEW1DmoYMmCis4JuC","62bh/GNhNKerTqC7l32QpB","28g4VTBeRNiqzgM57sjfcQ","3bcP9e94dDQZWZ8uCt5Gzw","b0YKfJSmhFj70tOn7KggST","a7pCkM+2RP3oUZwzODVqft"],"scenes":{},"redirect":[78,0,80,0],"deps":["internal"],"packs":{"075345333":[37,40,79],"02e785673":[88,108,92,90,106,114,103,39,104,115,95,101,93,89,83,86,113,85,98,102,91,94,109,107,96,87,105,117,116,110,100,111,112,99,97,84],"0ead8e951":[38,82,81],"08b5e8d60":[77,44,60,55,46,41,45,64,59,58,57,51,42,71,69,61,73,76,75,68,54,49,66,52,74,62,53,47,67,50,70,72,43,56,48,63,65]},"name":"resources","importBase":"import","nativeBase":"native","debug":false,"isZip":false,"encrypted":false,"versions":{"import":["02e785673","e3726",18,"0ac93","075345333","3e7cc",33,"613a5","08b5e8d60","9b30c","0ead8e951","1ec9e",35,"bb491",31,"c7da3",27,"ce2a3",8,"d34f3",3,"104c4",23,"922e0",20,"03e1c",5,"ecdf5",28,"125ad",32,"2a40c",19,"fafb1",0,"253c5",36,"c3ec0",6,"f00df",1,"b510a",15,"4e9e6",29,"daf52",22,"39c15",21,"2ce5b",13,"df584",16,"29c5f",30,"6c32f",2,"42227",25,"a82ac",26,"b6377",7,"f0b48",11,"b24a6",10,"bc374",34,"17f57",4,"7b42e",17,"197fa",14,"06b23",9,"882d6",24,"56c3e",12,"c5a8d"],"native":[18,"db87b",33,"a0877",77,"5342e",35,"2a7ca",44,"dca75",31,"eff0d",60,"f1a74",55,"86f07",27,"2a163",46,"a6a69",41,"1de51",40,"8a0b6",8,"80aa4",45,"e5b9b",64,"c7d30",3,"4a94a",59,"e115c",58,"d5aa3",23,"7c6be",20,"b5183",57,"10990",5,"f5825",28,"b0a53",32,"f1633",19,"9712f",0,"61083",51,"95893",36,"6070d",42,"2aa83",6,"f0b54",71,"0ddc7",69,"2dcdf",61,"0f9da",1,"eb7fb",15,"1aef4",73,"7829a",76,"5e4ca",29,"039b3",22,"5cc09",75,"69ed8",21,"dbee5",68,"01b1b",13,"b1236",54,"08f44",16,"fdbf4",49,"ad6f7",66,"8403b",52,"25935",74,"638d3",62,"51c4d",30,"1a5d8",2,"ae600",25,"debd7",26,"034fc",53,"c3c32",47,"383f0",7,"d129e",67,"ab738",50,"13b46",70,"0bef0",72,"f24aa",11,"6efff",10,"babc3",43,"e72f3",56,"4fc5f",34,"28802",4,"b98f5",17,"632c1",14,"d12cf",48,"f7bac",9,"33e45",63,"0cc4e",65,"df804",24,"2b025",12,"45a91"]}}